aberporth,1971,5
aberporth,2020,0
aberporth,1979,17
aberporth,2006,6
aberporth,2007,7
aberporth,1959,6
aberporth,1968,12
aberporth,1975,3
aberporth,1958,8
aberporth,1996,13
aberporth,1997,13
aberporth,1976,6
aberporth,2009,9
aberporth,2000,5
aberporth,2018,10
aberporth,2012,10
aberporth,1990,3
aberporth,1993,6
aberporth,1973,5
aberporth,2001,6
aberporth,1965,9
aberporth,1987,16
aberporth,1984,7
aberporth,1978,13
aberporth,1981,12
aberporth,2013,13
aberporth,1960,6
aberporth,1995,9
aberporth,1982,9
aberporth,2004,4
aberporth,1972,3
aberporth,1988,2
aberporth,2005,5
aberporth,2008,6
aberporth,2010,17
aberporth,2015,5
aberporth,1962,14
aberporth,2011,9
aberporth,1999,5
aberporth,1966,11
aberporth,1991,15
aberporth,1970,8
aberporth,2016,2
aberporth,1969,13
aberporth,1992,13
aberporth,1977,8
aberporth,1964,6
aberporth,1989,3
aberporth,1974,2
aberporth,1998,7
aberporth,1961,15
aberporth,1967,5
aberporth,1994,6
aberporth,1980,9
aberporth,1957,3
aberporth,2002,4
aberporth,2014,1
aberporth,2019,3
aberporth,1985,17
aberporth,2017,2
aberporth,1983,15
aberporth,2003,9
aberporth,1963,26
aberporth,1986,24
armagh,1958,13
armagh,2013,13
armagh,2017,10
armagh,1992,9
armagh,2010,24
armagh,1994,13
armagh,1959,19
armagh,2007,7
armagh,1929,14
armagh,1940,17
armagh,1998,8
armagh,1982,14
armagh,2015,15
armagh,1979,23
armagh,1945,18
armagh,1983,13
armagh,1936,15
armagh,1944,10
armagh,1941,17
armagh,2011,11
armagh,2005,9
armagh,1969,16
armagh,1968,22
armagh,1947,23
armagh,1972,10
armagh,1996,17
armagh,1984,15
armagh,1989,12
armagh,1939,14
armagh,1965,13
armagh,2009,16
armagh,1973,11
armagh,1966,10
armagh,1986,19
armagh,1995,11
armagh,1997,10
armagh,1988,8
armagh,1962,16
armagh,1952,18
armagh,1933,13
armagh,1953,12
armagh,1977,17
armagh,1942,13
armagh,1951,12
armagh,1964,10
armagh,1930,18
armagh,1950,16
armagh,1971,8
armagh,1976,17
armagh,1934,8
armagh,1954,10
armagh,2004,14
armagh,1948,8
armagh,2016,10
armagh,1993,8
armagh,1991,14
armagh,1963,27
armagh,1957,9
armagh,1975,10
armagh,1990,9
armagh,2000,11
armagh,1970,16
armagh,1985,25
armagh,2006,12
armagh,1955,18
armagh,2014,12
armagh,1937,17
armagh,1978,12
armagh,1935,12
armagh,1956,19
armagh,1932,11
armagh,1943,4
armagh,2002,6
armagh,1938,9
armagh,1949,6
armagh,1999,6
armagh,2001,15
armagh,1967,11
armagh,1960,17
armagh,2003,11
armagh,1987,15
armagh,1974,6
armagh,2012,9
armagh,1931,11
armagh,1981,16
armagh,1961,19
armagh,2018,11
armagh,1980,19
armagh,2008,16
ballypatrick,1968,18
ballypatrick,1983,11
ballypatrick,1986,19
ballypatrick,1974,6
ballypatrick,1967,8
ballypatrick,1980,9
ballypatrick,1972,8
ballypatrick,1984,20
ballypatrick,1969,18
ballypatrick,1965,10
ballypatrick,1971,8
ballypatrick,1982,13
ballypatrick,1985,19
ballypatrick,1975,8
ballypatrick,1978,12
ballypatrick,1979,22
ballypatrick,1973,8
ballypatrick,1981,15
ballypatrick,1977,13
ballypatrick,1970,18
ballypatrick,1966,11
ballypatrick,1976,16
bradford,1915,13
bradford,1917,24
bradford,1973,11
bradford,1970,14
bradford,1919,16
bradford,1957,12
bradford,2002,3
bradford,1938,10
bradford,1931,18
bradford,2001,15
bradford,1964,15
bradford,1909,18
bradford,1911,8
bradford,1999,7
bradford,1960,14
bradford,1976,13
bradford,1936,17
bradford,1947,28
bradford,2006,12
bradford,1929,9
bradford,2010,22
bradford,1975,8
bradford,1940,27
bradford,1913,12
bradford,1984,14
bradford,1988,9
bradford,2003,16
bradford,1987,19
bradford,1963,27
bradford,2000,5
bradford,1927,16
bradford,2005,12
bradford,1933,16
bradford,1980,15
bradford,1920,11
bradford,1958,16
bradford,1921,9
bradford,1994,15
bradford,2007,10
bradford,2013,20
bradford,1961,22
bradford,1989,5
bradford,1939,12
bradford,1949,10
bradford,1934,8
bradford,1912,11
bradford,1992,15
bradford,1941,23
bradford,1972,9
bradford,1943,13
bradford,1978,17
bradford,1986,24
bradford,1952,19
bradford,1953,12
bradford,1966,16
bradford,1950,18
bradford,1967,12
bradford,1985,12
bradford,2011,12
bradford,1918,16
bradford,1959,22
bradford,1935,13
bradford,1969,20
bradford,1981,25
bradford,1968,17
bradford,1997,16
bradford,1932,14
bradford,1971,10
bradford,1956,22
bradford,1942,27
bradford,1930,16
bradford,1945,21
bradford,2012,11
bradford,1962,19
bradford,1991,21
bradford,2008,12
bradford,1926,9
bradford,1908,21
bradford,1990,4
bradford,1910,17
bradford,1946,18
bradford,1937,19
bradford,1977,17
bradford,1979,28
bradford,1993,14
bradford,1944,10
bradford,1951,14
bradford,1916,16
bradford,1923,14
bradford,1998,7
bradford,1965,15
bradford,1948,9
bradford,1955,20
bradford,1983,21
bradford,1925,19
bradford,1974,5
bradford,1954,17
bradford,1982,15
bradford,2004,7
bradford,1914,10
bradford,1928,16
bradford,1924,21
bradford,1995,16
bradford,1922,18
bradford,2009,11
bradford,1996,17
braemar,1997,22
braemar,1999,20
braemar,1962,25
braemar,1990,20
braemar,1972,23
braemar,1983,25
braemar,1988,18
braemar,1959,27
braemar,1989,23
braemar,1961,22
braemar,1963,15
braemar,1964,19
braemar,2004,21
braemar,1981,21
braemar,1967,15
braemar,1965,24
braemar,1975,22
braemar,1977,22
braemar,1986,28
braemar,1984,26
braemar,2003,23
braemar,1994,21
braemar,1993,24
braemar,2001,23
braemar,2005,15
braemar,1978,24
braemar,1992,23
braemar,1960,23
braemar,1969,26
braemar,1991,22
braemar,1979,28
braemar,1968,27
braemar,1980,26
braemar,2002,14
braemar,1973,17
braemar,1974,17
braemar,1982,19
braemar,1987,25
braemar,2000,16
braemar,1970,24
braemar,1995,24
braemar,1971,18
braemar,1996,23
braemar,1976,25
braemar,1966,20
braemar,1985,23
braemar,1998,14
camborne,2013,6
camborne,1981,7
camborne,2010,16
camborne,2014,1
camborne,1985,15
camborne,1992,5
camborne,1989,1
camborne,1999,2
camborne,2006,5
camborne,1996,9
camborne,2015,3
camborne,1979,2
camborne,2020,0
camborne,1993,4
camborne,1994,3
camborne,2007,2
camborne,1983,9
camborne,1987,7
camborne,2000,2
camborne,1988,1
camborne,2019,1
camborne,1986,19
camborne,2002,2
camborne,1995,6
camborne,1982,4
camborne,2005,7
camborne,2004,5
camborne,1990,2
camborne,1991,7
camborne,2012,7
camborne,1984,3
camborne,2009,3
camborne,2001,5
camborne,2011,9
camborne,2016,0
camborne,2003,6
camborne,2008,1
camborne,1998,4
camborne,1980,9
camborne,1997,9
camborne,2017,2
camborne,2018,5
cambridge,1969,16
cambridge,1965,16
cambridge,1964,17
cambridge,2004,11
cambridge,1963,29
cambridge,1966,16
cambridge,1975,10
cambridge,1959,20
cambridge,1988,6
cambridge,1967,13
cambridge,1990,7
cambridge,1994,13
cambridge,1968,19
cambridge,1962,18
cambridge,1987,22
cambridge,1996,18
cambridge,1986,24
cambridge,1984,9
cambridge,1985,23
cambridge,2006,12
cambridge,1977,12
cambridge,1973,11
cambridge,1960,12
cambridge,1993,11
cambridge,1970,16
cambridge,1995,12
cambridge,2005,10
cambridge,2000,11
cambridge,1972,8
cambridge,1971,11
cambridge,1980,12
cambridge,1999,9
cambridge,2008,11
cambridge,1991,20
cambridge,1992,15
cambridge,1983,17
cambridge,1998,10
cambridge,1979,23
cambridge,2007,12
cambridge,1961,18
cambridge,1997,22
cambridge,2002,8
cambridge,1974,5
cambridge,2003,12
cambridge,1981,19
cambridge,2009,13
cambridge,1976,13
cambridge,2001,18
cambridge,1982,14
cambridge,1978,15
cambridge,1989,6
cardiff,1987,16
cardiff,1988,13
cardiff,1996,18
cardiff,1979,27
cardiff,1980,19
cardiff,1982,11
cardiff,1993,6
cardiff,1981,13
cardiff,1992,13
cardiff,1984,8
cardiff,1995,12
cardiff,1986,6
cardiff,1991,18
cardiff,1989,6
cardiff,1983,15
cardiff,1977,4
cardiff,1985,23
cardiff,1994,10
cardiff,1978,13
cardiff,1990,8
cwmystwyth,1979,27
cwmystwyth,1973,11
cwmystwyth,1991,19
cwmystwyth,2006,15
cwmystwyth,1998,13
cwmystwyth,1971,15
cwmystwyth,1993,13
cwmystwyth,1970,15
cwmystwyth,1987,19
cwmystwyth,1989,13
cwmystwyth,1980,19
cwmystwyth,1984,15
cwmystwyth,1981,23
cwmystwyth,1969,20
cwmystwyth,1983,19
cwmystwyth,1968,22
cwmystwyth,1960,17
cwmystwyth,2004,15
cwmystwyth,1964,15
cwmystwyth,1966,15
cwmystwyth,1967,10
cwmystwyth,2007,14
cwmystwyth,1961,11
cwmystwyth,2000,15
cwmystwyth,2001,16
cwmystwyth,1985,27
cwmystwyth,2005,13
cwmystwyth,1972,11
cwmystwyth,1959,20
cwmystwyth,1994,13
cwmystwyth,2009,15
cwmystwyth,1977,15
cwmystwyth,1999,7
cwmystwyth,1976,21
cwmystwyth,1995,17
cwmystwyth,1982,14
cwmystwyth,1996,22
cwmystwyth,2011,16
cwmystwyth,1990,15
cwmystwyth,1992,16
cwmystwyth,1997,9
cwmystwyth,1974,15
cwmystwyth,2002,9
cwmystwyth,1965,17
cwmystwyth,2008,13
cwmystwyth,1963,18
cwmystwyth,1988,14
cwmystwyth,1986,26
cwmystwyth,1975,13
cwmystwyth,1978,16
cwmystwyth,2003,12
cwmystwyth,2010,22
dunstaffnage,1998,6
dunstaffnage,1984,14
dunstaffnage,1997,14
dunstaffnage,1994,6
dunstaffnage,1999,5
dunstaffnage,1982,10
dunstaffnage,1988,5
dunstaffnage,1992,8
dunstaffnage,1991,13
dunstaffnage,2001,13
dunstaffnage,1989,5
dunstaffnage,2000,10
dunstaffnage,1990,5
dunstaffnage,1995,9
dunstaffnage,1986,10
dunstaffnage,1983,11
dunstaffnage,1981,16
dunstaffnage,1987,13
dunstaffnage,1996,13
dunstaffnage,1993,7
durham,1915,16
durham,1948,9
durham,1955,18
durham,1910,16
durham,1905,13
durham,1926,12
durham,1978,19
durham,1907,17
durham,1965,16
durham,1992,16
durham,1898,17
durham,1959,25
durham,1906,19
durham,1917,23
durham,1922,19
durham,1990,6
durham,1945,20
durham,1950,18
durham,1997,19
durham,1901,17
durham,1938,7
durham,1957,13
durham,1934,8
durham,1890,19
durham,1985,22
durham,1913,14
durham,1983,17
durham,1991,20
durham,1954,15
durham,1891,19
durham,1912,14
durham,1952,15
durham,1976,16
durham,1947,26
durham,1968,23
durham,1979,23
durham,1928,18
durham,1970,14
durham,1899,18
durham,1998,8
durham,1911,11
durham,1960,15
durham,1996,19
durham,1961,20
durham,1994,15
durham,1925,20
durham,1962,23
durham,1953,11
durham,1995,15
durham,1900,19
durham,1971,11
durham,1921,11
durham,1930,14
durham,1936,15
durham,1923,17
durham,1933,16
durham,1931,22
durham,1964,19
durham,1903,13
durham,1897,19
durham,1987,18
durham,1956,22
durham,1909,18
durham,1932,12
durham,1894,15
durham,1946,14
durham,1916,17
durham,1973,12
durham,1951,19
durham,1908,18
durham,1895,26
durham,1980,18
durham,1904,16
durham,1927,13
durham,1984,20
durham,1993,15
durham,1986,23
durham,1892,25
durham,1963,28
durham,1914,12
durham,1937,17
durham,1943,15
durham,1989,11
durham,1918,14
durham,1942,26
durham,1893,11
durham,1999,10
durham,1967,13
durham,1939,15
durham,1944,11
durham,1981,21
durham,1935,14
durham,1896,14
durham,1902,16
durham,1941,18
durham,1920,14
durham,1974,7
durham,1977,17
durham,1982,15
durham,1972,10
durham,1940,28
durham,1924,28
durham,1919,17
durham,1975,13
durham,1929,22
durham,1969,20
durham,1988,9
durham,1958,18
durham,1949,11
durham,1966,19
eastbourne,2000,7
eastbourne,1985,17
eastbourne,1990,1
eastbourne,1994,4
eastbourne,1967,7
eastbourne,1962,14
eastbourne,1969,15
eastbourne,1964,7
eastbourne,1980,8
eastbourne,1973,6
eastbourne,1970,10
eastbourne,2005,5
eastbourne,1975,8
eastbourne,1997,14
eastbourne,1988,3
eastbourne,1959,13
eastbourne,2015,6
eastbourne,1974,3
eastbourne,1978,10
eastbourne,1976,7
eastbourne,1986,23
eastbourne,1995,6
eastbourne,1965,6
eastbourne,1991,15
eastbourne,1977,7
eastbourne,1999,5
eastbourne,1981,13
eastbourne,2004,5
eastbourne,1966,9
eastbourne,1971,6
eastbourne,1963,26
eastbourne,2014,0
eastbourne,1983,7
eastbourne,1989,3
eastbourne,1982,8
eastbourne,2009,10
eastbourne,2012,5
eastbourne,2013,9
eastbourne,1998,5
eastbourne,2011,2
eastbourne,1996,9
eastbourne,1960,6
eastbourne,2006,4
eastbourne,2007,9
eastbourne,1984,0
eastbourne,2001,6
eastbourne,1993,3
eastbourne,1979,13
eastbourne,2008,7
eastbourne,2003,10
eastbourne,1972,3
eastbourne,2017,11
eastbourne,2010,16
eastbourne,2002,2
eastbourne,2016,3
eastbourne,1987,17
eastbourne,1992,6
eastbourne,1968,9
eastbourne,1961,12
eskdalemuir,1962,24
eskdalemuir,1972,16
eskdalemuir,1999,17
eskdalemuir,1996,20
eskdalemuir,1985,24
eskdalemuir,1990,20
eskdalemuir,2002,11
eskdalemuir,2018,22
eskdalemuir,1979,28
eskdalemuir,2004,15
eskdalemuir,1989,19
eskdalemuir,2020,10
eskdalemuir,2013,24
eskdalemuir,1988,18
eskdalemuir,1970,19
eskdalemuir,2016,19
eskdalemuir,1965,22
eskdalemuir,1992,18
eskdalemuir,1983,19
eskdalemuir,1975,18
eskdalemuir,1971,17
eskdalemuir,1997,25
eskdalemuir,2011,21
eskdalemuir,2005,17
eskdalemuir,1958,20
eskdalemuir,2008,20
eskdalemuir,1977,19
eskdalemuir,2001,22
eskdalemuir,1967,17
eskdalemuir,1976,24
eskdalemuir,2015,15
eskdalemuir,1973,16
eskdalemuir,1995,20
eskdalemuir,1959,23
eskdalemuir,1957,16
eskdalemuir,1980,21
eskdalemuir,2012,15
eskdalemuir,1991,22
eskdalemuir,2003,18
eskdalemuir,1974,14
eskdalemuir,1968,25
eskdalemuir,1984,23
eskdalemuir,1969,24
eskdalemuir,2017,20
eskdalemuir,1954,21
eskdalemuir,1978,21
eskdalemuir,1956,23
eskdalemuir,1987,25
eskdalemuir,1964,20
eskdalemuir,2009,23
eskdalemuir,2007,13
eskdalemuir,1961,23
eskdalemuir,1955,26
eskdalemuir,1981,27
eskdalemuir,1998,15
eskdalemuir,2014,13
eskdalemuir,1966,18
eskdalemuir,2010,27
eskdalemuir,1993,20
eskdalemuir,2019,18
eskdalemuir,2006,18
eskdalemuir,1982,15
eskdalemuir,1960,23
eskdalemuir,1963,28
eskdalemuir,2000,19
eskdalemuir,1986,25
eskdalemuir,1994,18
heathrow,1967,12
heathrow,1974,4
heathrow,1980,14
heathrow,2003,10
heathrow,1983,19
heathrow,2020,4
heathrow,1996,17
heathrow,2001,11
heathrow,1985,20
heathrow,1990,7
heathrow,2014,7
heathrow,2012,12
heathrow,1975,11
heathrow,2016,7
heathrow,2017,15
heathrow,2011,8
heathrow,1979,24
heathrow,1999,7
heathrow,2008,11
heathrow,2010,21
heathrow,1960,12
heathrow,1995,13
heathrow,2015,10
heathrow,1993,11
heathrow,1966,13
heathrow,1973,15
heathrow,1971,7
heathrow,1989,6
heathrow,2019,9
heathrow,2005,8
heathrow,1988,12
heathrow,1986,24
heathrow,1957,11
heathrow,2013,13
heathrow,2007,9
heathrow,1969,15
heathrow,1963,28
heathrow,1991,16
heathrow,1965,14
heathrow,1961,17
heathrow,1981,17
heathrow,1998,7
heathrow,1982,14
heathrow,1964,12
heathrow,1976,11
heathrow,1997,13
heathrow,2009,13
heathrow,1978,13
heathrow,1959,23
heathrow,1962,22
heathrow,1992,12
heathrow,2000,7
heathrow,2004,8
heathrow,1987,18
heathrow,1984,10
heathrow,2006,10
heathrow,1968,13
heathrow,1994,8
heathrow,1972,9
heathrow,1958,10
heathrow,2018,12
heathrow,1977,15
heathrow,2002,6
heathrow,1970,13
hurn,2007,12
hurn,2019,18
hurn,2009,19
hurn,2001,20
hurn,1994,14
hurn,2020,5
hurn,1982,13
hurn,1973,18
hurn,1996,17
hurn,1989,12
hurn,1983,18
hurn,2015,16
hurn,1971,15
hurn,1976,20
hurn,2004,16
hurn,2006,13
hurn,1986,24
hurn,1969,18
hurn,2014,14
hurn,1977,14
hurn,2013,14
hurn,1990,12
hurn,1987,19
hurn,1988,19
hurn,1993,15
hurn,1968,12
hurn,2016,11
hurn,1970,16
hurn,2018,20
hurn,1997,18
hurn,2000,17
hurn,2017,17
hurn,1995,16
hurn,2010,27
hurn,2008,18
hurn,2003,15
hurn,1992,17
hurn,1985,24
hurn,1979,24
hurn,2005,20
hurn,1984,14
hurn,1981,18
hurn,1991,20
hurn,2012,14
hurn,1999,10
hurn,2011,10
hurn,1998,12
hurn,2002,10
hurn,1978,15
hurn,1975,15
hurn,1972,12
hurn,1974,10
hurn,1980,24
lerwick,1973,13
lerwick,2009,12
lerwick,1993,9
lerwick,1956,18
lerwick,1949,15
lerwick,1951,15
lerwick,1983,12
lerwick,1961,16
lerwick,2006,11
lerwick,1955,21
lerwick,2016,10
lerwick,1964,14
lerwick,1986,17
lerwick,1930,0
lerwick,1933,17
lerwick,1962,14
lerwick,1953,13
lerwick,1999,12
lerwick,1959,22
lerwick,1958,18
lerwick,2015,4
lerwick,1978,14
lerwick,1941,16
lerwick,1946,9
lerwick,1952,17
lerwick,1948,11
lerwick,2019,9
lerwick,1936,13
lerwick,2012,8
lerwick,1950,19
lerwick,1944,12
lerwick,1968,17
lerwick,2014,6
lerwick,1943,10
lerwick,1994,13
lerwick,2004,13
lerwick,1954,8
lerwick,1995,13
lerwick,1940,18
lerwick,1931,17
lerwick,2007,6
lerwick,1960,14
lerwick,1966,16
lerwick,1977,13
lerwick,1982,9
lerwick,1972,5
lerwick,2002,9
lerwick,1939,11
lerwick,1945,25
lerwick,1992,7
lerwick,2017,8
lerwick,1971,11
lerwick,1985,15
lerwick,1947,25
lerwick,1963,17
lerwick,1965,16
lerwick,1970,17
lerwick,1957,9
lerwick,2003,10
lerwick,1937,20
lerwick,1974,6
lerwick,1996,13
lerwick,1989,9
lerwick,1981,22
lerwick,1987,12
lerwick,2011,9
lerwick,1967,14
lerwick,2013,14
lerwick,1932,9
lerwick,2001,15
lerwick,1935,12
lerwick,1969,22
lerwick,1991,9
lerwick,1980,9
lerwick,1975,9
lerwick,1988,12
lerwick,2020,3
lerwick,1976,14
lerwick,1984,20
lerwick,1997,5
lerwick,2005,8
lerwick,1938,7
lerwick,1942,15
lerwick,1998,10
lerwick,1934,5
lerwick,1990,7
lerwick,2008,10
lerwick,2010,21
lerwick,2018,9
lerwick,1979,20
lerwick,2000,9
leuchars,1965,21
leuchars,1979,24
leuchars,2004,13
leuchars,2012,14
leuchars,2005,10
leuchars,2008,13
leuchars,1974,8
leuchars,1957,15
leuchars,1977,18
leuchars,1985,16
leuchars,2003,13
leuchars,2009,22
leuchars,1963,23
leuchars,1958,16
leuchars,1968,20
leuchars,1992,21
leuchars,1999,17
leuchars,1989,19
leuchars,2010,26
leuchars,1981,22
leuchars,2001,18
leuchars,2018,16
leuchars,2014,11
leuchars,1961,22
leuchars,1982,15
leuchars,1972,13
leuchars,1978,22
leuchars,1959,24
leuchars,2006,13
leuchars,2015,12
leuchars,1976,19
leuchars,1994,16
leuchars,1996,16
leuchars,2020,10
leuchars,2013,17
leuchars,1969,19
leuchars,2000,10
leuchars,2002,8
leuchars,2016,15
leuchars,2007,16
leuchars,1980,13
leuchars,1988,15
leuchars,1995,18
leuchars,1986,20
leuchars,1960,20
leuchars,1983,20
leuchars,2019,19
leuchars,1984,20
leuchars,1966,14
leuchars,1993,18
leuchars,1970,18
leuchars,1973,14
leuchars,1990,13
leuchars,1987,19
leuchars,1991,18
leuchars,1967,13
leuchars,2017,16
leuchars,2011,15
leuchars,1975,10
leuchars,1998,13
leuchars,1997,15
leuchars,1964,17
leuchars,1971,13
leuchars,1962,20
lowestoft,1998,5
lowestoft,1957,8
lowestoft,1996,14
lowestoft,1956,25
lowestoft,2010,13
lowestoft,1949,6
lowestoft,1962,16
lowestoft,1974,3
lowestoft,2000,7
lowestoft,1950,16
lowestoft,1959,18
lowestoft,1975,11
lowestoft,1984,7
lowestoft,1941,18
lowestoft,1976,14
lowestoft,1968,13
lowestoft,1955,19
lowestoft,1978,13
lowestoft,1999,8
lowestoft,1971,7
lowestoft,1970,13
lowestoft,2001,10
lowestoft,1948,6
lowestoft,1973,14
lowestoft,1993,5
lowestoft,1945,22
lowestoft,1990,4
lowestoft,2009,11
lowestoft,1995,14
lowestoft,1997,11
lowestoft,2008,7
lowestoft,1934,4
lowestoft,1931,8
lowestoft,2004,8
lowestoft,1963,29
lowestoft,1982,12
lowestoft,1944,10
lowestoft,1953,17
lowestoft,2002,7
lowestoft,1939,10
lowestoft,1987,18
lowestoft,2005,5
lowestoft,2006,12
lowestoft,1952,14
lowestoft,1936,4
lowestoft,1972,8
lowestoft,1932,11
lowestoft,1933,13
lowestoft,1951,8
lowestoft,1991,15
lowestoft,1958,11
lowestoft,1992,8
lowestoft,1942,10
lowestoft,1940,8
lowestoft,1969,18
lowestoft,1965,14
lowestoft,1946,5
lowestoft,1954,10
lowestoft,1994,8
lowestoft,1977,13
lowestoft,1966,12
lowestoft,1985,23
lowestoft,1943,5
lowestoft,1980,9
lowestoft,1960,10
lowestoft,1938,3
lowestoft,2003,7
lowestoft,1986,23
lowestoft,1989,5
lowestoft,1935,14
lowestoft,1937,10
lowestoft,1964,17
lowestoft,1981,17
lowestoft,1983,10
lowestoft,1961,9
lowestoft,1979,25
lowestoft,1988,5
lowestoft,1947,19
lowestoft,1967,12
lowestoft,2007,7
manston,1997,15
manston,1994,9
manston,1976,13
manston,2012,14
manston,1975,10
manston,2007,6
manston,1987,18
manston,1980,12
manston,1989,5
manston,2019,8
manston,1973,8
manston,2004,6
manston,1974,4
manston,2009,13
manston,1991,16
manston,1982,11
manston,2001,9
manston,2016,6
manston,1985,21
manston,1996,17
manston,1978,11
manston,1999,7
manston,2015,8
manston,1984,7
manston,2013,11
manston,2018,9
manston,1977,9
manston,2003,8
manston,1995,10
manston,1988,5
manston,2010,16
manston,1986,23
manston,1983,16
manston,2011,3
manston,1992,10
manston,1990,3
manston,1981,16
manston,2000,7
manston,2008,7
manston,1998,5
manston,2020,1
manston,1979,25
manston,2017,13
manston,2014,6
manston,2005,7
manston,2002,2
manston,2006,10
manston,1993,7
nairn,1933,16
nairn,1946,15
nairn,1940,22
nairn,1980,17
nairn,1993,20
nairn,1936,18
nairn,2008,13
nairn,1956,15
nairn,1966,19
nairn,2000,12
nairn,1934,7
nairn,1959,21
nairn,1990,7
nairn,1960,19
nairn,1998,11
nairn,1997,17
nairn,2011,13
nairn,1943,12
nairn,1968,18
nairn,1987,15
nairn,1982,13
nairn,1976,25
nairn,1989,18
nairn,1981,26
nairn,1963,23
nairn,1971,9
nairn,1948,17
nairn,2006,11
nairn,1994,16
nairn,2007,8
nairn,1931,19
nairn,1938,10
nairn,1969,19
nairn,1979,24
nairn,1988,15
nairn,1996,15
nairn,1962,15
nairn,1991,15
nairn,1999,11
nairn,1977,18
nairn,2012,14
nairn,1984,21
nairn,1964,12
nairn,1983,17
nairn,1958,15
nairn,2001,21
nairn,1942,16
nairn,1954,12
nairn,1975,16
nairn,1947,26
nairn,1950,17
nairn,1974,12
nairn,1965,17
nairn,2003,20
nairn,1978,19
nairn,1955,19
nairn,2009,22
nairn,1945,21
nairn,1986,20
nairn,1995,15
nairn,1961,21
nairn,1952,22
nairn,2002,9
nairn,1973,13
nairn,1944,7
nairn,1941,18
nairn,1949,10
nairn,1932,9
nairn,1939,16
nairn,1953,7
nairn,1957,9
nairn,1967,8
nairn,2010,16
nairn,1972,17
nairn,1970,22
nairn,1937,17
nairn,2014,6
nairn,2013,14
nairn,1992,16
nairn,1951,15
nairn,2005,10
nairn,1935,16
nairn,1985,16
nairn,2004,14
newtonrigg,1961,21
newtonrigg,1972,11
newtonrigg,1978,17
newtonrigg,1973,14
newtonrigg,1976,22
newtonrigg,1975,14
newtonrigg,1977,16
newtonrigg,1969,18
newtonrigg,1966,15
newtonrigg,1981,17
newtonrigg,1967,14
newtonrigg,1968,24
newtonrigg,1970,19
newtonrigg,1974,9
newtonrigg,1963,28
newtonrigg,1965,17
newtonrigg,1980,24
newtonrigg,1960,19
newtonrigg,1964,16
newtonrigg,1979,27
newtonrigg,1959,23
newtonrigg,1971,14
newtonrigg,1962,21
oxford,1982,13
oxford,1980,15
oxford,2020,1
oxford,1940,26
oxford,1958,14
oxford,1952,16
oxford,1968,16
oxford,1999,9
oxford,1957,10
oxford,1965,14
oxford,1932,17
oxford,1966,15
oxford,1971,8
oxford,1974,6
oxford,1969,16
oxford,1936,15
oxford,1988,15
oxford,1975,10
oxford,1961,18
oxford,2010,17
oxford,1951,9
oxford,1996,17
oxford,2016,10
oxford,1934,14
oxford,2005,11
oxford,1976,13
oxford,1986,24
oxford,1970,13
oxford,2012,12
oxford,1946,16
oxford,1963,28
oxford,1992,12
oxford,1990,10
oxford,2014,9
oxford,1995,15
oxford,2007,11
oxford,2009,16
oxford,1991,18
oxford,1989,7
oxford,1933,19
oxford,1964,13
oxford,1960,12
oxford,2011,12
oxford,1973,11
oxford,1942,25
oxford,1947,26
oxford,1987,20
oxford,1941,17
oxford,2017,16
oxford,1939,11
oxford,2008,11
oxford,2018,14
oxford,1953,17
oxford,2019,5
oxford,1945,22
oxford,1967,12
oxford,2004,11
oxford,1943,12
oxford,2006,12
oxford,1972,7
oxford,1955,19
oxford,2002,5
oxford,1978,15
oxford,1954,16
oxford,1997,16
oxford,2001,17
oxford,1979,23
oxford,1985,22
oxford,1956,21
oxford,1993,8
oxford,1929,21
oxford,1930,13
oxford,1931,16
oxford,2015,10
oxford,1977,11
oxford,1959,20
oxford,2003,15
oxford,1983,17
oxford,1981,18
oxford,1948,11
oxford,1950,20
oxford,1984,8
oxford,1938,11
oxford,1998,9
oxford,1949,9
oxford,1937,14
oxford,1962,17
oxford,1935,12
oxford,1944,11
oxford,2013,16
oxford,1994,8
oxford,2000,9
paisley,1986,21
paisley,1995,14
paisley,1987,14
paisley,1992,14
paisley,1960,16
paisley,1969,15
paisley,2005,9
paisley,1982,12
paisley,1966,12
paisley,1972,8
paisley,2007,7
paisley,1964,7
paisley,2001,14
paisley,1976,14
paisley,1985,21
paisley,1998,7
paisley,1984,12
paisley,1989,15
paisley,2003,14
paisley,1970,15
paisley,1962,14
paisley,1996,14
paisley,1963,22
paisley,1994,9
paisley,1973,11
paisley,1961,17
paisley,1959,25
paisley,1974,4
paisley,1993,13
paisley,2010,25
paisley,2002,7
paisley,1999,9
paisley,2008,15
paisley,1990,10
paisley,2004,11
paisley,1988,8
paisley,1977,15
paisley,1965,13
paisley,1997,12
paisley,1971,8
paisley,2009,17
paisley,2000,8
paisley,1967,11
paisley,1981,21
paisley,1991,15
paisley,1979,24
paisley,1978,15
paisley,1968,16
paisley,1975,6
paisley,1983,15
paisley,2006,9
paisley,1980,12
paisley,2011,11
ringway,1961,17
ringway,1989,10
ringway,1980,13
ringway,1998,9
ringway,2004,10
ringway,1999,8
ringway,1950,23
ringway,1957,9
ringway,1977,16
ringway,1991,19
ringway,1987,20
ringway,1966,10
ringway,1955,20
ringway,1982,14
ringway,1975,9
ringway,1983,18
ringway,2002,6
ringway,1985,25
ringway,1992,15
ringway,1965,14
ringway,1988,10
ringway,1952,15
ringway,1978,15
ringway,1976,13
ringway,1960,10
ringway,1981,20
ringway,1949,13
ringway,1956,23
ringway,1962,18
ringway,1974,5
ringway,1986,24
ringway,1971,11
ringway,1968,17
ringway,2000,8
ringway,1954,15
ringway,1969,18
ringway,1993,12
ringway,1953,14
ringway,1958,16
ringway,1973,11
ringway,1970,12
ringway,1972,9
ringway,1963,27
ringway,1996,20
ringway,1995,15
ringway,2001,18
ringway,1967,12
ringway,1951,12
ringway,1997,15
ringway,1959,22
ringway,1964,15
ringway,1990,9
ringway,1994,13
ringway,1979,25
ringway,1984,10
ringway,2003,12
rossonwye,1974,5
rossonwye,1945,21
rossonwye,1948,11
rossonwye,1971,11
rossonwye,2009,18
rossonwye,2010,25
rossonwye,2017,15
rossonwye,1934,19
rossonwye,1947,26
rossonwye,1953,15
rossonwye,1988,16
rossonwye,2008,13
rossonwye,1997,16
rossonwye,1991,19
rossonwye,1931,17
rossonwye,1963,30
rossonwye,2003,12
rossonwye,2012,12
rossonwye,2016,12
rossonwye,1938,11
rossonwye,2011,13
rossonwye,1996,18
rossonwye,1962,20
rossonwye,1954,16
rossonwye,2005,11
rossonwye,1944,13
rossonwye,1946,17
rossonwye,1965,13
rossonwye,1995,15
rossonwye,1930,7
rossonwye,1952,13
rossonwye,1951,9
rossonwye,1961,17
rossonwye,1932,17
rossonwye,1986,24
rossonwye,2004,10
rossonwye,1966,13
rossonwye,1999,10
rossonwye,1987,20
rossonwye,2000,15
rossonwye,1942,24
rossonwye,2019,11
rossonwye,1957,11
rossonwye,1968,17
rossonwye,1939,12
rossonwye,1949,9
rossonwye,1998,10
rossonwye,1941,19
rossonwye,1950,21
rossonwye,1960,11
rossonwye,1970,14
rossonwye,1973,10
rossonwye,2014,13
rossonwye,1956,22
rossonwye,1958,14
rossonwye,1933,19
rossonwye,1943,11
rossonwye,1972,8
rossonwye,2013,18
rossonwye,1993,8
rossonwye,1959,18
rossonwye,1969,16
rossonwye,1964,15
rossonwye,1940,25
rossonwye,1936,18
rossonwye,1955,21
rossonwye,2020,5
rossonwye,1967,12
rossonwye,1985,6
rossonwye,1990,10
rossonwye,1935,7
rossonwye,2001,20
rossonwye,2002,5
rossonwye,2007,9
rossonwye,1989,8
rossonwye,1992,13
rossonwye,1937,16
rossonwye,2015,12
rossonwye,1994,10
rossonwye,2006,11
shawbury,2013,19
shawbury,1987,20
shawbury,1977,19
shawbury,2014,12
shawbury,2005,13
shawbury,1962,22
shawbury,1996,21
shawbury,1993,14
shawbury,1988,16
shawbury,2018,17
shawbury,1969,18
shawbury,2002,10
shawbury,1981,22
shawbury,2009,16
shawbury,2016,12
shawbury,2017,16
shawbury,1972,13
shawbury,1961,20
shawbury,1960,14
shawbury,2019,15
shawbury,1970,16
shawbury,1991,22
shawbury,1957,13
shawbury,1989,12
shawbury,1980,20
shawbury,2010,23
shawbury,1966,14
shawbury,2008,16
shawbury,1992,15
shawbury,2015,12
shawbury,1963,30
shawbury,2001,21
shawbury,2011,16
shawbury,2004,13
shawbury,1965,14
shawbury,1997,20
shawbury,2003,17
shawbury,2000,13
shawbury,1982,16
shawbury,1984,13
shawbury,1967,12
shawbury,1999,11
shawbury,1978,17
shawbury,1986,24
shawbury,1995,16
shawbury,1974,11
shawbury,1994,15
shawbury,2012,14
shawbury,2007,12
shawbury,1985,24
shawbury,1971,13
shawbury,1983,20
shawbury,1990,12
shawbury,2020,10
shawbury,1979,27
shawbury,1975,13
shawbury,2006,14
shawbury,1976,20
shawbury,1958,17
shawbury,1998,14
shawbury,1973,16
shawbury,1964,20
shawbury,1959,24
shawbury,1968,22
sheffield,1977,12
sheffield,1936,17
sheffield,1975,8
sheffield,2010,20
sheffield,2016,5
sheffield,1966,14
sheffield,1944,8
sheffield,1992,13
sheffield,1990,5
sheffield,2013,18
sheffield,1981,21
sheffield,2005,9
sheffield,2006,13
sheffield,1939,7
sheffield,1986,25
sheffield,2001,15
sheffield,2018,10
sheffield,1968,17
sheffield,1972,5
sheffield,2014,4
sheffield,1979,24
sheffield,2007,8
sheffield,1964,16
sheffield,2020,4
sheffield,1991,16
sheffield,1931,17
sheffield,1960,11
sheffield,1937,13
sheffield,1996,16
sheffield,1961,15
sheffield,1947,28
sheffield,1969,20
sheffield,1994,17
sheffield,2017,8
sheffield,1932,8
sheffield,1943,7
sheffield,1985,19
sheffield,1952,11
sheffield,1956,21
sheffield,1930,12
sheffield,1941,22
sheffield,1929,17
sheffield,1959,18
sheffield,1954,11
sheffield,1970,13
sheffield,1935,11
sheffield,2015,8
sheffield,1933,13
sheffield,1938,7
sheffield,1982,14
sheffield,1949,8
sheffield,2011,11
sheffield,2012,11
sheffield,1984,12
sheffield,1951,8
sheffield,1993,10
sheffield,1962,17
sheffield,2000,9
sheffield,2002,8
sheffield,2008,9
sheffield,1967,11
sheffield,2009,13
sheffield,1955,17
sheffield,1980,13
sheffield,1958,16
sheffield,1965,12
sheffield,1934,7
sheffield,1953,8
sheffield,1948,8
sheffield,1997,15
sheffield,1950,16
sheffield,2004,9
sheffield,1988,8
sheffield,1945,17
sheffield,1940,27
sheffield,2003,15
sheffield,1974,3
sheffield,1976,10
sheffield,1942,25
sheffield,1971,8
sheffield,1978,14
sheffield,1999,8
sheffield,1998,6
sheffield,1963,28
sheffield,1989,4
sheffield,1957,9
sheffield,1983,17
sheffield,2019,4
sheffield,1946,16
sheffield,1973,9
sheffield,1987,18
sheffield,1995,15
southampton,1992,12
southampton,1898,9
southampton,1939,12
southampton,1909,16
southampton,1989,5
southampton,1940,24
southampton,1941,7
southampton,1905,11
southampton,1961,15
southampton,1897,14
southampton,1926,7
southampton,1943,6
southampton,1958,11
southampton,1903,10
southampton,1951,7
southampton,1974,3
southampton,1918,13
southampton,1900,15
southampton,1923,14
southampton,1933,18
southampton,1988,10
southampton,1908,14
southampton,1930,10
southampton,1947,22
southampton,1953,12
southampton,1973,10
southampton,1991,17
southampton,1915,12
southampton,1986,24
southampton,1949,9
southampton,1959,17
southampton,1979,21
southampton,1936,10
southampton,1899,16
southampton,1969,14
southampton,1945,18
southampton,1934,17
southampton,1935,6
southampton,1895,25
southampton,1981,15
southampton,1984,7
southampton,1942,24
southampton,1924,15
southampton,1970,12
southampton,1955,19
southampton,1950,17
southampton,1967,11
southampton,1907,14
southampton,1922,9
southampton,1931,12
southampton,1960,11
southampton,1911,8
southampton,1948,10
southampton,1914,15
southampton,1982,10
southampton,1921,6
southampton,1977,12
southampton,1963,29
southampton,1928,8
southampton,1954,13
southampton,1978,11
southampton,1927,12
southampton,1968,17
southampton,1975,9
southampton,1952,12
southampton,1965,10
southampton,1971,8
southampton,1964,10
southampton,1904,8
southampton,1990,6
southampton,1946,15
southampton,1906,14
southampton,1929,17
southampton,1983,14
southampton,1902,14
southampton,1976,12
southampton,1916,14
southampton,1919,12
southampton,1901,15
southampton,1937,10
southampton,1980,16
southampton,1932,13
southampton,1938,6
southampton,1912,6
southampton,1925,12
southampton,1917,17
southampton,1944,11
southampton,1972,6
southampton,1956,22
southampton,1913,7
southampton,1896,9
southampton,1985,22
southampton,1920,10
southampton,1910,11
southampton,1962,16
southampton,1957,9
southampton,1966,11
southampton,1987,17
stornoway,2013,9
stornoway,1955,16
stornoway,2014,2
stornoway,1938,5
stornoway,1945,23
stornoway,1963,15
stornoway,1933,7
stornoway,1973,12
stornoway,1949,9
stornoway,1934,3
stornoway,1989,6
stornoway,1978,16
stornoway,1944,9
stornoway,1972,11
stornoway,1947,17
stornoway,2007,3
stornoway,1974,4
stornoway,1996,12
stornoway,1929,14
stornoway,1940,8
stornoway,2012,9
stornoway,1961,19
stornoway,1975,10
stornoway,2015,6
stornoway,1948,14
stornoway,2004,9
stornoway,1999,8
stornoway,1966,11
stornoway,2006,8
stornoway,1967,9
stornoway,1957,10
stornoway,2009,11
stornoway,1959,19
stornoway,1992,8
stornoway,1988,9
stornoway,1993,7
stornoway,1939,10
stornoway,1937,13
stornoway,1946,8
stornoway,1985,10
stornoway,1971,8
stornoway,2008,7
stornoway,1997,9
stornoway,2003,9
stornoway,1936,7
stornoway,1950,18
stornoway,1981,15
stornoway,1976,14
stornoway,2019,11
stornoway,1964,11
stornoway,2010,20
stornoway,1942,7
stornoway,2011,10
stornoway,1987,11
stornoway,1965,13
stornoway,1977,13
stornoway,1930,19
stornoway,1994,6
stornoway,1969,18
stornoway,1982,8
stornoway,1956,13
stornoway,1931,9
stornoway,1990,7
stornoway,2016,6
stornoway,1932,5
stornoway,1954,9
stornoway,1952,12
stornoway,1983,13
stornoway,2018,10
stornoway,1960,16
stornoway,2001,11
stornoway,2005,5
stornoway,1958,12
stornoway,1951,13
stornoway,2002,5
stornoway,1998,7
stornoway,1995,13
stornoway,2020,6
stornoway,1943,4
stornoway,1962,15
stornoway,1980,6
stornoway,2000,7
stornoway,2017,8
stornoway,1991,8
stornoway,1953,6
stornoway,1986,14
stornoway,1968,16
stornoway,1935,4
stornoway,1979,19
stornoway,1941,12
stornoway,1984,16
stornoway,1970,19
tiree,1952,5
tiree,1951,5
tiree,1931,4
tiree,1953,4
tiree,2004,1
tiree,1943,2
tiree,1961,11
tiree,1980,5
tiree,2002,1
tiree,1981,9
tiree,1955,13
tiree,1999,4
tiree,2008,4
tiree,1967,6
tiree,1950,9
tiree,1966,7
tiree,1964,5
tiree,2017,3
tiree,1957,5
tiree,1984,10
tiree,1971,4
tiree,1938,5
tiree,1983,7
tiree,2003,7
tiree,1992,1
tiree,2007,2
tiree,1947,22
tiree,1960,7
tiree,1985,12
tiree,1935,3
tiree,1968,10
tiree,1936,6
tiree,1934,2
tiree,1978,9
tiree,2014,0
tiree,1941,11
tiree,1998,2
tiree,2009,9
tiree,1940,8
tiree,2019,3
tiree,1973,4
tiree,1958,9
tiree,1954,2
tiree,1982,7
tiree,1989,6
tiree,1986,17
tiree,2015,3
tiree,2016,2
tiree,1965,7
tiree,1962,10
tiree,1979,15
tiree,1996,7
tiree,1988,4
tiree,1974,2
tiree,1993,4
tiree,2005,5
tiree,2006,8
tiree,1946,5
tiree,1932,7
tiree,1963,11
tiree,1987,8
tiree,1976,3
tiree,1937,6
tiree,1949,5
tiree,1975,6
tiree,2018,6
tiree,1991,9
tiree,1995,8
tiree,1994,2
tiree,2020,1
tiree,1945,14
tiree,1959,7
tiree,1930,3
tiree,1997,7
tiree,2011,4
tiree,1956,12
tiree,2010,15
tiree,1990,3
tiree,1939,5
tiree,2013,5
tiree,1942,5
tiree,2001,8
tiree,1970,12
tiree,1972,5
tiree,1933,5
tiree,1969,14
tiree,1977,9
tiree,2012,2
tiree,1948,3
tiree,2000,5
tiree,1944,4
valley,1953,7
valley,2001,10
valley,1954,8
valley,1974,1
valley,2008,9
valley,1943,9
valley,1961,12
valley,1973,6
valley,2003,8
valley,1982,11
valley,1936,2
valley,1979,12
valley,2011,9
valley,1986,23
valley,1948,11
valley,1930,0
valley,1944,7
valley,1950,11
valley,1963,22
valley,1970,9
valley,1996,15
valley,1931,6
valley,1938,4
valley,1939,2
valley,1991,14
valley,1935,3
valley,1984,6
valley,1946,12
valley,1971,4
valley,1998,4
valley,1978,12
valley,1975,6
valley,2004,8
valley,1993,5
valley,1933,3
valley,1976,7
valley,1932,2
valley,1969,10
valley,2015,5
valley,1968,7
valley,2010,17
valley,2020,2
valley,2005,4
valley,1995,11
valley,2000,6
valley,1964,7
valley,1989,6
valley,2006,7
valley,2007,6
valley,1977,8
valley,1959,9
valley,1983,11
valley,1992,11
valley,1972,5
valley,1962,12
valley,2009,7
valley,1955,13
valley,1941,10
valley,2018,10
valley,2017,6
valley,1957,4
valley,1965,9
valley,2016,4
valley,2012,6
valley,1945,16
valley,1981,15
valley,1949,5
valley,1966,10
valley,1951,4
valley,1956,21
valley,1999,3
valley,1940,12
valley,2013,12
valley,1967,5
valley,1934,0
valley,1980,9
valley,1942,17
valley,2002,5
valley,1937,2
valley,1990,5
valley,2019,3
valley,1987,15
valley,1958,11
valley,1952,8
valley,1985,17
valley,1988,3
valley,1947,24
valley,1994,9
valley,1960,7
valley,2014,1
valley,1997,15
waddington,2010,20
waddington,1977,15
waddington,2013,18
waddington,1987,19
waddington,2007,9
waddington,1968,18
waddington,2006,12
waddington,1954,19
waddington,1976,17
waddington,2016,9
waddington,1951,14
waddington,1994,15
waddington,1974,5
waddington,1978,16
waddington,1997,18
waddington,2014,9
waddington,2017,13
waddington,1960,15
waddington,1985,23
waddington,1949,11
waddington,1996,18
waddington,1965,17
waddington,2002,8
waddington,1966,18
waddington,1972,10
waddington,1991,16
waddington,1956,24
waddington,2019,9
waddington,1950,20
waddington,1953,15
waddington,1975,9
waddington,2004,10
waddington,1998,11
waddington,2015,12
waddington,1957,10
waddington,1971,12
waddington,1961,22
waddington,1963,28
waddington,2008,11
waddington,1982,16
waddington,2005,10
waddington,1981,24
waddington,2000,10
waddington,2001,15
waddington,1955,22
waddington,1962,22
waddington,1967,13
waddington,1980,18
waddington,2020,6
waddington,2012,12
waddington,1993,10
waddington,1959,23
waddington,1979,26
waddington,2011,11
waddington,1984,13
waddington,1989,4
waddington,2018,18
waddington,1969,20
waddington,1983,20
waddington,1964,16
waddington,1986,24
waddington,1990,4
waddington,1952,18
waddington,1995,16
waddington,1973,11
waddington,1958,16
waddington,1970,17
waddington,1992,16
waddington,2009,13
waddington,2003,13
waddington,1988,9
waddington,1999,10
whitby,2002,8
whitby,2005,5
whitby,2015,10
whitby,2007,7
whitby,2013,12
whitby,2010,19
whitby,2008,10
whitby,2012,11
whitby,2017,8
whitby,2001,12
whitby,2020,4
whitby,2019,10
whitby,2016,7
whitby,2014,9
whitby,2000,9
whitby,2018,10
whitby,2009,11
whitby,2011,11
whitby,2004,5
whitby,2006,11
whitby,2003,12
wickairport,1946,10
wickairport,1990,7
wickairport,1945,3
wickairport,1965,15
wickairport,1984,19
wickairport,1982,13
wickairport,1989,13
wickairport,1987,12
wickairport,1988,14
wickairport,1964,10
wickairport,1955,22
wickairport,1975,12
wickairport,1991,12
wickairport,1985,15
wickairport,1961,17
wickairport,1958,17
wickairport,1969,19
wickairport,1976,15
wickairport,1992,11
wickairport,1950,19
wickairport,1948,10
wickairport,1981,17
wickairport,1968,19
wickairport,1952,21
wickairport,1983,12
wickairport,1993,10
wickairport,1956,16
wickairport,1966,13
wickairport,1949,13
wickairport,1977,13
wickairport,1971,10
wickairport,1972,8
wickairport,1963,17
wickairport,1953,9
wickairport,1980,9
wickairport,1986,15
wickairport,1967,13
wickairport,1974,5
wickairport,1979,20
wickairport,1960,15
wickairport,1962,12
wickairport,1947,24
wickairport,1978,16
wickairport,1951,14
wickairport,1973,13
wickairport,1970,17
wickairport,1959,25
wickairport,1957,8
wickairport,1954,10
yeovilton,1992,16
yeovilton,2007,13
yeovilton,2014,12
yeovilton,2019,14
yeovilton,1999,10
yeovilton,2012,12
yeovilton,2005,17
yeovilton,1995,13
yeovilton,2004,10
yeovilton,2020,6
yeovilton,1984,11
yeovilton,2009,18
yeovilton,2018,15
yeovilton,2003,12
yeovilton,2006,13
yeovilton,1991,20
yeovilton,1997,18
yeovilton,1983,9
yeovilton,1987,19
yeovilton,1990,14
yeovilton,1985,24
yeovilton,2000,15
yeovilton,1988,19
yeovilton,2011,13
yeovilton,2002,7
yeovilton,1996,19
yeovilton,1993,9
yeovilton,2015,13
yeovilton,2016,13
yeovilton,1989,9
yeovilton,2017,14
yeovilton,2008,18
yeovilton,2010,26
yeovilton,1986,24
yeovilton,1994,13
yeovilton,1998,12
yeovilton,2013,12
yeovilton,2001,23
